service_id,vehicle_id,model,customer_name,service_date,issue_type,service_cost,region,feedback_score
S1000,V3000,Discovery,David Brown,2025-10-20,Oil Change,865,USA,3
S1001,V3001,Defender,Peter White,2025-10-26,Engine,1421,Australia,3
S1002,V3002,Range Rover Evoque,Sara Khan,2025-10-19,Engine,1054,Australia,5
S1003,V3003,Defender,Sara Khan,2025-11-04,Battery,1433,Australia,2
S1004,V3004,Discovery,Peter White,2025-10-19,Suspension,1109,Australia,4
S1005,V3005,Defender,Rahul Mehta,2025-11-02,Brake Pads,1453,UK,1
S1006,V3006,Jaguar XF,Rahul Mehta,2025-10-17,Transmission,536,China,4
S1007,V3007,Range Rover Evoque,Sara Khan,2025-10-17,Battery,356,India,1
S1008,V3008,Jaguar XF,David Brown,2025-10-28,Battery,420,UK,2
S1009,V3009,Range Rover Evoque,Sara Khan,2025-10-31,Battery,1036,Germany,5
S1010,V3010,Range Rover,David Brown,2025-10-23,Transmission,1257,India,2
S1011,V3011,Jaguar XF,David Brown,2025-10-31,Brake Pads,389,Australia,3
S1012,V3012,Defender,Rahul Mehta,2025-10-28,Suspension,1112,India,1
S1013,V3013,Discovery,Rahul Mehta,2025-10-16,Suspension,1320,USA,3
S1014,V3014,Jaguar XF,John Smith,2025-10-20,Transmission,1498,Australia,4
S1015,V3015,Range Rover,John Smith,2025-11-05,Battery,1276,China,2
S1016,V3016,Jaguar XF,Alice Wong,2025-10-27,Battery,1287,USA,5
S1017,V3017,Discovery,John Smith,2025-10-28,Battery,711,UK,5
S1018,V3018,Discovery,John Smith,2025-10-23,Suspension,1004,USA,4
S1019,V3019,Jaguar F-Pace,Rahul Mehta,2025-10-26,Battery,505,Australia,3
S1020,V3020,Jaguar F-Pace,Rahul Mehta,2025-10-15,Engine,1307,India,1
S1021,V3021,Jaguar F-Pace,Rahul Mehta,2025-10-30,Oil Change,229,India,4
S1022,V3022,Jaguar XF,David Brown,2025-11-02,Engine,399,Australia,4
S1023,V3023,Discovery,David Brown,2025-10-12,Brake Pads,1387,UK,1
S1024,V3024,Range Rover,Alice Wong,2025-10-31,Battery,654,India,4
S1025,V3025,Defender,Rahul Mehta,2025-11-09,Transmission,1225,UK,4
S1026,V3026,Discovery,Sara Khan,2025-11-01,Engine,114,USA,2
S1027,V3027,Range Rover,Sara Khan,2025-10-22,Suspension,1062,UK,5
S1028,V3028,Range Rover Evoque,Peter White,2025-10-29,Engine,1339,Germany,5
S1029,V3029,Jaguar F-Pace,Peter White,2025-11-10,Transmission,677,USA,4
S1030,V3030,Jaguar F-Pace,David Brown,2025-10-19,Suspension,405,USA,1
S1031,V3031,Jaguar F-Pace,Rahul Mehta,2025-11-03,Transmission,713,China,2
S1032,V3032,Defender,Peter White,2025-11-02,Oil Change,473,Germany,3
S1033,V3033,Jaguar F-Pace,Alice Wong,2025-10-20,Transmission,340,Germany,5
S1034,V3034,Discovery,John Smith,2025-11-05,Transmission,716,Germany,5
S1035,V3035,Defender,Peter White,2025-10-23,Oil Change,638,USA,2
S1036,V3036,Jaguar XF,Alice Wong,2025-10-28,Brake Pads,104,USA,3
S1037,V3037,Discovery,John Smith,2025-11-06,Battery,1192,China,1
S1038,V3038,Defender,Alice Wong,2025-10-17,Battery,1499,USA,2
S1039,V3039,Range Rover,Sara Khan,2025-10-23,Brake Pads,111,Germany,3
S1040,V3040,Jaguar F-Pace,John Smith,2025-11-09,Battery,1344,UK,1
S1041,V3041,Defender,Peter White,2025-10-27,Engine,622,China,1
S1042,V3042,Range Rover,Peter White,2025-10-19,Engine,789,Germany,4
S1043,V3043,Range Rover Evoque,Sara Khan,2025-10-24,Transmission,578,UK,1
S1044,V3044,Discovery,Rahul Mehta,2025-10-15,Suspension,324,Australia,3
S1045,V3045,Range Rover Evoque,David Brown,2025-10-20,Oil Change,1338,Germany,1
S1046,V3046,Jaguar XF,Peter White,2025-11-02,Oil Change,1299,India,4
S1047,V3047,Defender,David Brown,2025-10-21,Brake Pads,108,India,1
S1048,V3048,Range Rover,Sara Khan,2025-10-29,Battery,1197,Australia,5
S1049,V3049,Range Rover,Rahul Mehta,2025-10-11,Engine,808,Germany,3
S1050,V3050,Jaguar XF,Alice Wong,2025-10-17,Oil Change,805,India,2
S1051,V3051,Jaguar XF,Rahul Mehta,2025-10-31,Suspension,785,Germany,5
S1052,V3052,Jaguar F-Pace,Sara Khan,2025-10-23,Brake Pads,1267,USA,5
S1053,V3053,Range Rover,Alice Wong,2025-11-07,Brake Pads,864,UK,5
S1054,V3054,Range Rover Evoque,Rahul Mehta,2025-10-15,Oil Change,1203,China,1
S1055,V3055,Jaguar XF,Rahul Mehta,2025-10-18,Engine,186,Australia,3
S1056,V3056,Range Rover Evoque,Peter White,2025-10-27,Brake Pads,330,Australia,5
S1057,V3057,Defender,Peter White,2025-10-12,Suspension,1154,USA,2
S1058,V3058,Jaguar XF,Sara Khan,2025-10-14,Oil Change,503,Australia,1
S1059,V3059,Range Rover,David Brown,2025-10-21,Oil Change,537,China,5
S1060,V3060,Defender,John Smith,2025-10-11,Engine,1240,USA,5
S1061,V3061,Defender,John Smith,2025-10-13,Brake Pads,905,India,5
S1062,V3062,Defender,Alice Wong,2025-11-05,Oil Change,899,China,5
S1063,V3063,Jaguar XF,John Smith,2025-10-21,Battery,1190,USA,5
S1064,V3064,Range Rover,Alice Wong,2025-10-27,Engine,440,Germany,2
S1065,V3065,Discovery,Alice Wong,2025-10-14,Battery,389,China,2
S1066,V3066,Range Rover Evoque,Rahul Mehta,2025-10-31,Oil Change,919,China,3
S1067,V3067,Jaguar XF,Sara Khan,2025-10-26,Engine,1172,India,1
S1068,V3068,Jaguar XF,Sara Khan,2025-10-19,Oil Change,1201,China,3
S1069,V3069,Discovery,Rahul Mehta,2025-10-27,Transmission,738,Germany,5
S1070,V3070,Jaguar XF,Peter White,2025-10-27,Transmission,1364,Germany,5
S1071,V3071,Discovery,Alice Wong,2025-10-18,Battery,546,UK,3
S1072,V3072,Defender,David Brown,2025-10-18,Oil Change,163,India,5
S1073,V3073,Discovery,Rahul Mehta,2025-10-27,Engine,202,Australia,2
S1074,V3074,Range Rover,Rahul Mehta,2025-10-25,Battery,974,USA,1
S1075,V3075,Defender,David Brown,2025-11-09,Oil Change,1318,UK,1
S1076,V3076,Range Rover Evoque,Alice Wong,2025-10-31,Suspension,135,UK,5
S1077,V3077,Range Rover,David Brown,2025-11-07,Brake Pads,1263,Australia,1
S1078,V3078,Range Rover,John Smith,2025-11-01,Oil Change,646,Germany,2
S1079,V3079,Jaguar F-Pace,Peter White,2025-10-30,Oil Change,1234,Germany,2
S1080,V3080,Defender,Rahul Mehta,2025-10-14,Suspension,592,USA,5
S1081,V3081,Discovery,Alice Wong,2025-10-24,Oil Change,638,China,2
S1082,V3082,Range Rover Evoque,Rahul Mehta,2025-11-06,Brake Pads,512,UK,4
S1083,V3083,Range Rover,David Brown,2025-10-31,Brake Pads,1366,Australia,2
S1084,V3084,Jaguar F-Pace,John Smith,2025-10-14,Transmission,839,USA,5
S1085,V3085,Discovery,David Brown,2025-11-06,Engine,673,Germany,1
S1086,V3086,Jaguar F-Pace,Sara Khan,2025-10-16,Transmission,755,Australia,2
S1087,V3087,Jaguar F-Pace,Peter White,2025-10-15,Brake Pads,306,USA,5
S1088,V3088,Discovery,Peter White,2025-11-09,Battery,100,China,1
S1089,V3089,Jaguar XF,Sara Khan,2025-10-29,Suspension,1010,Germany,3
S1090,V3090,Jaguar XF,David Brown,2025-10-26,Suspension,369,India,4
S1091,V3091,Jaguar F-Pace,David Brown,2025-10-23,Transmission,1281,USA,4
S1092,V3092,Jaguar F-Pace,John Smith,2025-10-11,Suspension,1275,Australia,3
S1093,V3093,Defender,Alice Wong,2025-11-05,Engine,1153,China,5
S1094,V3094,Range Rover Evoque,Alice Wong,2025-10-12,Engine,1142,India,3
S1095,V3095,Range Rover,Rahul Mehta,2025-10-17,Engine,284,India,5
S1096,V3096,Range Rover Evoque,David Brown,2025-10-20,Oil Change,212,Australia,2
S1097,V3097,Range Rover,Sara Khan,2025-10-29,Battery,1027,Germany,2
S1098,V3098,Range Rover,John Smith,2025-10-15,Suspension,1186,Germany,1
S1099,V3099,Jaguar XF,Alice Wong,2025-10-30,Battery,890,USA,3
S1100,V3100,Range Rover Evoque,David Brown,2025-10-29,Battery,512,UK,5
S1101,V3101,Jaguar F-Pace,Peter White,2025-10-23,Battery,1229,USA,3
S1102,V3102,Range Rover,Sara Khan,2025-10-31,Oil Change,601,Australia,5
S1103,V3103,Defender,Alice Wong,2025-10-16,Brake Pads,386,Australia,3
S1104,V3104,Jaguar F-Pace,Peter White,2025-10-31,Transmission,1342,China,2
S1105,V3105,Jaguar XF,John Smith,2025-11-10,Transmission,1211,USA,4
S1106,V3106,Range Rover,John Smith,2025-10-28,Suspension,327,UK,5
S1107,V3107,Jaguar F-Pace,David Brown,2025-10-23,Suspension,1455,India,1
S1108,V3108,Range Rover Evoque,David Brown,2025-10-14,Oil Change,257,UK,4
S1109,V3109,Discovery,Rahul Mehta,2025-11-02,Oil Change,1241,USA,1
S1110,V3110,Range Rover Evoque,Peter White,2025-11-09,Oil Change,165,USA,1
S1111,V3111,Discovery,Alice Wong,2025-10-27,Transmission,717,Australia,2
S1112,V3112,Discovery,Peter White,2025-10-29,Oil Change,517,Germany,1
S1113,V3113,Range Rover,David Brown,2025-11-07,Battery,1155,Australia,5
S1114,V3114,Jaguar XF,Rahul Mehta,2025-10-23,Transmission,276,Germany,5
S1115,V3115,Defender,Alice Wong,2025-10-24,Transmission,965,Australia,2
S1116,V3116,Jaguar XF,Alice Wong,2025-10-16,Battery,126,China,4
S1117,V3117,Jaguar F-Pace,Peter White,2025-11-08,Suspension,1137,Germany,3
S1118,V3118,Defender,John Smith,2025-11-02,Transmission,837,China,3
S1119,V3119,Range Rover,John Smith,2025-10-25,Suspension,1345,China,5
S1120,V3120,Range Rover,David Brown,2025-11-01,Transmission,1342,China,1
S1121,V3121,Range Rover,Peter White,2025-10-31,Transmission,298,India,4
S1122,V3122,Range Rover Evoque,John Smith,2025-11-01,Suspension,286,Germany,5
S1123,V3123,Jaguar XF,Sara Khan,2025-11-05,Suspension,206,Germany,1
S1124,V3124,Jaguar XF,Alice Wong,2025-10-19,Brake Pads,1434,Australia,3
S1125,V3125,Jaguar F-Pace,Alice Wong,2025-11-04,Suspension,985,UK,3
S1126,V3126,Jaguar XF,David Brown,2025-10-15,Engine,1149,China,1
S1127,V3127,Defender,John Smith,2025-10-31,Engine,732,India,1
S1128,V3128,Discovery,David Brown,2025-10-21,Suspension,449,UK,3
S1129,V3129,Jaguar XF,Alice Wong,2025-10-27,Suspension,1493,India,5
S1130,V3130,Jaguar XF,Peter White,2025-10-24,Suspension,1353,China,5
S1131,V3131,Discovery,Sara Khan,2025-10-23,Suspension,1198,Australia,1
S1132,V3132,Jaguar XF,John Smith,2025-10-25,Oil Change,554,Germany,5
S1133,V3133,Jaguar F-Pace,Sara Khan,2025-11-01,Engine,1487,India,3
S1134,V3134,Jaguar F-Pace,Alice Wong,2025-10-24,Transmission,1260,Australia,1
S1135,V3135,Discovery,David Brown,2025-11-07,Oil Change,1022,China,4
S1136,V3136,Jaguar F-Pace,John Smith,2025-10-31,Transmission,856,UK,1
S1137,V3137,Jaguar XF,Peter White,2025-11-09,Engine,707,Germany,1
S1138,V3138,Range Rover,John Smith,2025-11-08,Brake Pads,1094,USA,3
S1139,V3139,Jaguar XF,Peter White,2025-10-22,Engine,1489,UK,4
S1140,V3140,Jaguar XF,Peter White,2025-10-25,Engine,1480,Germany,3
S1141,V3141,Jaguar XF,Sara Khan,2025-10-29,Suspension,1380,USA,4
S1142,V3142,Discovery,David Brown,2025-11-08,Oil Change,1161,India,2
S1143,V3143,Defender,Alice Wong,2025-11-07,Battery,688,USA,1
S1144,V3144,Jaguar F-Pace,John Smith,2025-10-20,Oil Change,1237,India,2
S1145,V3145,Discovery,John Smith,2025-10-18,Brake Pads,139,India,1
S1146,V3146,Jaguar F-Pace,Rahul Mehta,2025-10-15,Suspension,380,USA,1
S1147,V3147,Defender,Rahul Mehta,2025-11-06,Suspension,1123,Germany,3
S1148,V3148,Defender,Sara Khan,2025-11-07,Brake Pads,257,China,3
S1149,V3149,Range Rover Evoque,John Smith,2025-10-16,Battery,1037,Germany,3
S1150,V3150,Jaguar F-Pace,Sara Khan,2025-10-20,Engine,754,Germany,4
S1151,V3151,Jaguar F-Pace,David Brown,2025-10-24,Brake Pads,708,India,4
S1152,V3152,Range Rover Evoque,Peter White,2025-10-16,Engine,342,India,3
S1153,V3153,Range Rover,Peter White,2025-10-21,Oil Change,256,India,2
S1154,V3154,Range Rover,Rahul Mehta,2025-10-30,Brake Pads,607,USA,3
S1155,V3155,Discovery,David Brown,2025-10-13,Oil Change,1459,UK,2
S1156,V3156,Range Rover,Sara Khan,2025-10-13,Oil Change,922,Australia,1
S1157,V3157,Defender,Peter White,2025-10-14,Brake Pads,1471,Germany,1
S1158,V3158,Discovery,Alice Wong,2025-11-09,Suspension,272,India,3
S1159,V3159,Jaguar XF,Peter White,2025-11-01,Battery,771,India,5
S1160,V3160,Range Rover Evoque,David Brown,2025-10-12,Oil Change,1039,USA,5
S1161,V3161,Jaguar F-Pace,David Brown,2025-10-25,Battery,303,India,1
S1162,V3162,Defender,Sara Khan,2025-10-25,Battery,202,Australia,4
S1163,V3163,Jaguar XF,Sara Khan,2025-10-24,Suspension,949,UK,3
S1164,V3164,Discovery,Rahul Mehta,2025-10-21,Transmission,451,UK,4
S1165,V3165,Jaguar F-Pace,Sara Khan,2025-10-25,Oil Change,574,China,1
S1166,V3166,Jaguar XF,Sara Khan,2025-11-06,Brake Pads,1467,Australia,3
S1167,V3167,Discovery,John Smith,2025-11-09,Transmission,1302,Germany,2
S1168,V3168,Defender,David Brown,2025-10-16,Battery,1439,Australia,4
S1169,V3169,Range Rover Evoque,Sara Khan,2025-11-04,Suspension,627,India,3
S1170,V3170,Jaguar F-Pace,Peter White,2025-10-13,Engine,222,Australia,1
S1171,V3171,Defender,Alice Wong,2025-10-23,Suspension,1105,Australia,5
S1172,V3172,Jaguar XF,Alice Wong,2025-10-14,Transmission,669,USA,3
S1173,V3173,Discovery,Peter White,2025-10-27,Oil Change,1493,USA,1
S1174,V3174,Range Rover Evoque,Peter White,2025-10-22,Brake Pads,103,Germany,2
S1175,V3175,Defender,John Smith,2025-10-11,Suspension,1314,USA,5
S1176,V3176,Range Rover Evoque,Rahul Mehta,2025-11-10,Battery,519,UK,3
S1177,V3177,Jaguar XF,Peter White,2025-10-25,Suspension,455,UK,4
S1178,V3178,Jaguar F-Pace,John Smith,2025-11-04,Oil Change,270,UK,5
S1179,V3179,Range Rover,Peter White,2025-10-28,Engine,1012,UK,2
S1180,V3180,Range Rover,John Smith,2025-11-05,Oil Change,942,China,2
S1181,V3181,Defender,Rahul Mehta,2025-11-01,Brake Pads,385,Australia,1
S1182,V3182,Defender,Alice Wong,2025-10-31,Battery,1153,USA,1
S1183,V3183,Discovery,Rahul Mehta,2025-11-02,Suspension,1114,USA,4
S1184,V3184,Range Rover,Rahul Mehta,2025-10-16,Engine,956,Australia,4
S1185,V3185,Defender,Peter White,2025-11-04,Transmission,696,India,2
S1186,V3186,Jaguar F-Pace,Alice Wong,2025-11-03,Transmission,642,China,4
S1187,V3187,Discovery,John Smith,2025-10-31,Engine,1354,USA,1
S1188,V3188,Jaguar F-Pace,Alice Wong,2025-10-25,Oil Change,252,Australia,5
S1189,V3189,Jaguar F-Pace,Alice Wong,2025-10-22,Brake Pads,1228,Australia,1
S1190,V3190,Defender,Sara Khan,2025-10-26,Engine,1126,UK,5
S1191,V3191,Jaguar XF,John Smith,2025-10-28,Engine,1425,India,2
S1192,V3192,Range Rover,Sara Khan,2025-10-18,Brake Pads,448,China,3
S1193,V3193,Range Rover,Rahul Mehta,2025-11-01,Oil Change,1175,Germany,2
S1194,V3194,Jaguar XF,Sara Khan,2025-11-04,Oil Change,941,Australia,1
S1195,V3195,Jaguar F-Pace,David Brown,2025-10-11,Engine,466,UK,4
S1196,V3196,Jaguar F-Pace,Peter White,2025-11-06,Brake Pads,846,Germany,1
S1197,V3197,Range Rover Evoque,John Smith,2025-11-02,Oil Change,213,India,3
S1198,V3198,Range Rover Evoque,Alice Wong,2025-11-01,Transmission,1329,India,1
S1199,V3199,Jaguar F-Pace,Alice Wong,2025-10-22,Oil Change,393,USA,3
S1200,V3200,Defender,John Smith,2025-10-24,Oil Change,488,USA,1
S1201,V3201,Jaguar F-Pace,Sara Khan,2025-10-21,Engine,105,Australia,5
S1202,V3202,Range Rover Evoque,Rahul Mehta,2025-11-05,Transmission,217,Germany,2
S1203,V3203,Defender,John Smith,2025-10-14,Transmission,1426,Germany,3
S1204,V3204,Discovery,Rahul Mehta,2025-10-16,Transmission,986,China,2
S1205,V3205,Range Rover,Sara Khan,2025-10-27,Transmission,125,Germany,2
S1206,V3206,Range Rover,Rahul Mehta,2025-10-13,Battery,965,India,2
S1207,V3207,Range Rover Evoque,Alice Wong,2025-11-07,Suspension,1011,India,5
S1208,V3208,Jaguar F-Pace,David Brown,2025-11-04,Oil Change,691,Germany,2
S1209,V3209,Jaguar F-Pace,Alice Wong,2025-10-22,Engine,1439,USA,1
S1210,V3210,Jaguar F-Pace,Sara Khan,2025-11-10,Transmission,1347,Germany,2
S1211,V3211,Discovery,Rahul Mehta,2025-10-17,Oil Change,296,India,4
S1212,V3212,Defender,Rahul Mehta,2025-11-06,Transmission,1269,UK,3
S1213,V3213,Jaguar XF,Peter White,2025-11-07,Battery,739,Australia,4
S1214,V3214,Jaguar F-Pace,John Smith,2025-10-26,Transmission,151,USA,3
S1215,V3215,Jaguar XF,Sara Khan,2025-10-17,Brake Pads,1276,China,4
S1216,V3216,Defender,Rahul Mehta,2025-10-26,Transmission,163,China,5
S1217,V3217,Jaguar F-Pace,Peter White,2025-11-10,Engine,1234,Germany,4
S1218,V3218,Discovery,Sara Khan,2025-11-05,Transmission,1225,Australia,2
S1219,V3219,Discovery,Sara Khan,2025-10-21,Oil Change,315,UK,3
S1220,V3220,Jaguar F-Pace,David Brown,2025-11-10,Engine,121,India,5
S1221,V3221,Range Rover,John Smith,2025-10-20,Suspension,340,UK,4
S1222,V3222,Discovery,Alice Wong,2025-10-12,Transmission,309,India,5
S1223,V3223,Defender,Peter White,2025-10-28,Oil Change,234,Germany,2
S1224,V3224,Range Rover,Peter White,2025-10-26,Suspension,236,UK,4
S1225,V3225,Discovery,David Brown,2025-10-16,Engine,1003,India,5
S1226,V3226,Defender,Sara Khan,2025-10-30,Battery,604,China,2
S1227,V3227,Jaguar F-Pace,Sara Khan,2025-11-02,Engine,1357,Germany,1
S1228,V3228,Jaguar F-Pace,Alice Wong,2025-11-06,Brake Pads,271,Germany,5
S1229,V3229,Jaguar XF,Alice Wong,2025-10-23,Oil Change,437,India,3
S1230,V3230,Range Rover,Rahul Mehta,2025-10-21,Transmission,615,UK,3
S1231,V3231,Range Rover Evoque,Peter White,2025-10-30,Suspension,1495,USA,2
S1232,V3232,Discovery,Peter White,2025-11-10,Transmission,1340,Australia,1
S1233,V3233,Discovery,Peter White,2025-11-04,Engine,1202,UK,5
S1234,V3234,Defender,John Smith,2025-10-28,Oil Change,1096,Germany,5
S1235,V3235,Range Rover Evoque,Sara Khan,2025-10-23,Oil Change,1159,India,2
S1236,V3236,Jaguar F-Pace,Sara Khan,2025-10-19,Engine,866,China,3
S1237,V3237,Range Rover Evoque,John Smith,2025-10-24,Engine,393,India,2
S1238,V3238,Jaguar F-Pace,David Brown,2025-10-29,Brake Pads,442,Germany,5
S1239,V3239,Defender,Sara Khan,2025-10-31,Brake Pads,395,Australia,1
S1240,V3240,Range Rover,Rahul Mehta,2025-10-24,Suspension,504,India,2
S1241,V3241,Defender,Peter White,2025-10-15,Engine,1306,UK,4
S1242,V3242,Defender,Rahul Mehta,2025-10-26,Suspension,679,China,4
S1243,V3243,Range Rover,David Brown,2025-10-31,Transmission,1037,China,2
S1244,V3244,Jaguar XF,Peter White,2025-11-09,Oil Change,555,UK,4
S1245,V3245,Defender,Sara Khan,2025-10-23,Suspension,108,USA,3
S1246,V3246,Defender,David Brown,2025-11-03,Brake Pads,1339,India,1
S1247,V3247,Range Rover Evoque,Sara Khan,2025-10-25,Suspension,406,Australia,2
S1248,V3248,Range Rover Evoque,Peter White,2025-10-23,Battery,1382,USA,2
S1249,V3249,Jaguar XF,David Brown,2025-11-09,Suspension,241,UK,2
S1250,V3250,Range Rover Evoque,Rahul Mehta,2025-10-30,Brake Pads,997,Australia,3
S1251,V3251,Defender,Rahul Mehta,2025-10-27,Transmission,508,Germany,3
S1252,V3252,Discovery,Sara Khan,2025-10-26,Transmission,191,Australia,2
S1253,V3253,Range Rover,Peter White,2025-11-01,Engine,243,Germany,5
S1254,V3254,Jaguar XF,Sara Khan,2025-11-04,Battery,520,Germany,4
S1255,V3255,Jaguar XF,David Brown,2025-10-29,Brake Pads,856,Australia,2
S1256,V3256,Jaguar XF,John Smith,2025-10-24,Brake Pads,485,India,5
S1257,V3257,Jaguar F-Pace,David Brown,2025-11-10,Engine,317,UK,3
S1258,V3258,Range Rover Evoque,David Brown,2025-10-27,Suspension,106,USA,4
S1259,V3259,Jaguar XF,Sara Khan,2025-11-08,Battery,1183,India,1
S1260,V3260,Defender,David Brown,2025-10-23,Battery,1133,Germany,5
S1261,V3261,Jaguar XF,Rahul Mehta,2025-10-15,Brake Pads,973,Germany,5
S1262,V3262,Discovery,Sara Khan,2025-10-29,Transmission,188,Germany,3
S1263,V3263,Defender,Rahul Mehta,2025-10-26,Engine,1210,Australia,4
S1264,V3264,Discovery,Rahul Mehta,2025-10-22,Oil Change,790,Germany,5
S1265,V3265,Defender,John Smith,2025-10-22,Engine,224,Germany,5
S1266,V3266,Range Rover,John Smith,2025-10-18,Oil Change,1290,India,4
S1267,V3267,Defender,Alice Wong,2025-11-01,Suspension,425,UK,4
S1268,V3268,Jaguar XF,Sara Khan,2025-10-12,Battery,1403,USA,5
S1269,V3269,Range Rover Evoque,David Brown,2025-10-31,Oil Change,257,USA,3
S1270,V3270,Range Rover Evoque,Sara Khan,2025-10-12,Brake Pads,1182,Germany,4
S1271,V3271,Jaguar F-Pace,Peter White,2025-10-21,Brake Pads,601,Australia,1
S1272,V3272,Jaguar F-Pace,Peter White,2025-10-24,Suspension,1319,Germany,4
S1273,V3273,Range Rover Evoque,Alice Wong,2025-11-10,Suspension,549,India,1
S1274,V3274,Jaguar XF,Alice Wong,2025-11-10,Brake Pads,462,Germany,1
S1275,V3275,Range Rover,David Brown,2025-10-22,Suspension,445,India,4
S1276,V3276,Defender,John Smith,2025-10-22,Oil Change,1276,Germany,4
S1277,V3277,Jaguar F-Pace,David Brown,2025-10-14,Transmission,815,Australia,2
S1278,V3278,Jaguar XF,Peter White,2025-10-21,Brake Pads,477,China,4
S1279,V3279,Range Rover,John Smith,2025-10-28,Engine,842,USA,3
S1280,V3280,Jaguar XF,Alice Wong,2025-11-01,Suspension,344,UK,2
S1281,V3281,Range Rover Evoque,John Smith,2025-11-07,Engine,320,China,1
S1282,V3282,Jaguar F-Pace,Rahul Mehta,2025-10-13,Transmission,1336,Germany,4
S1283,V3283,Discovery,Peter White,2025-10-29,Transmission,702,Australia,4
S1284,V3284,Range Rover Evoque,Peter White,2025-10-11,Transmission,1079,India,5
S1285,V3285,Defender,Alice Wong,2025-11-09,Transmission,779,India,4
S1286,V3286,Jaguar F-Pace,Peter White,2025-10-17,Oil Change,933,UK,2
S1287,V3287,Discovery,Rahul Mehta,2025-10-31,Transmission,1054,USA,2
S1288,V3288,Range Rover Evoque,John Smith,2025-11-03,Oil Change,936,India,4
S1289,V3289,Range Rover,Alice Wong,2025-10-29,Engine,191,Germany,5
S1290,V3290,Jaguar F-Pace,Alice Wong,2025-10-24,Transmission,986,UK,5
S1291,V3291,Range Rover Evoque,Rahul Mehta,2025-11-10,Transmission,790,China,3
S1292,V3292,Jaguar F-Pace,David Brown,2025-10-17,Suspension,1016,China,4
S1293,V3293,Range Rover Evoque,David Brown,2025-10-12,Engine,1432,UK,5
S1294,V3294,Jaguar XF,Sara Khan,2025-10-15,Brake Pads,1420,Germany,5
S1295,V3295,Discovery,Alice Wong,2025-10-28,Brake Pads,450,China,2
S1296,V3296,Jaguar F-Pace,Rahul Mehta,2025-11-04,Brake Pads,602,India,3
S1297,V3297,Range Rover Evoque,Rahul Mehta,2025-10-19,Transmission,757,USA,5
S1298,V3298,Defender,Alice Wong,2025-11-01,Battery,929,USA,2
S1299,V3299,Discovery,Peter White,2025-11-08,Oil Change,188,UK,5
S1300,V3300,Defender,Rahul Mehta,2025-10-13,Suspension,1236,UK,4
S1301,V3301,Discovery,David Brown,2025-11-10,Brake Pads,182,India,2
S1302,V3302,Jaguar XF,Rahul Mehta,2025-10-31,Oil Change,667,Germany,1
S1303,V3303,Defender,Peter White,2025-10-22,Oil Change,1047,China,4
S1304,V3304,Range Rover Evoque,John Smith,2025-10-13,Transmission,381,USA,2
S1305,V3305,Range Rover,John Smith,2025-10-25,Suspension,1396,UK,4
S1306,V3306,Range Rover,David Brown,2025-11-08,Brake Pads,1036,Germany,5
S1307,V3307,Discovery,Alice Wong,2025-11-07,Suspension,961,Germany,3
S1308,V3308,Discovery,Sara Khan,2025-10-29,Engine,104,India,2
S1309,V3309,Jaguar XF,Rahul Mehta,2025-10-23,Transmission,1259,Germany,3
S1310,V3310,Range Rover,Alice Wong,2025-10-13,Suspension,976,China,1
S1311,V3311,Jaguar F-Pace,Peter White,2025-10-22,Transmission,222,USA,3
S1312,V3312,Range Rover,John Smith,2025-10-12,Engine,136,India,4
S1313,V3313,Jaguar XF,John Smith,2025-10-14,Engine,908,China,2
S1314,V3314,Range Rover Evoque,Alice Wong,2025-10-23,Suspension,758,Germany,2
S1315,V3315,Discovery,Rahul Mehta,2025-11-07,Engine,1397,USA,2
S1316,V3316,Range Rover,John Smith,2025-10-23,Battery,524,Australia,5
S1317,V3317,Discovery,Rahul Mehta,2025-10-20,Battery,695,USA,3
S1318,V3318,Range Rover Evoque,Peter White,2025-10-18,Transmission,229,Australia,5
S1319,V3319,Range Rover,Alice Wong,2025-10-25,Battery,774,UK,5
S1320,V3320,Discovery,Rahul Mehta,2025-11-10,Engine,784,UK,4
S1321,V3321,Discovery,David Brown,2025-11-10,Brake Pads,565,USA,5
S1322,V3322,Defender,Rahul Mehta,2025-11-10,Brake Pads,332,China,5
S1323,V3323,Jaguar XF,Sara Khan,2025-10-11,Transmission,422,USA,1
S1324,V3324,Range Rover Evoque,Peter White,2025-11-01,Battery,612,China,1
S1325,V3325,Jaguar XF,Sara Khan,2025-10-29,Engine,285,China,1
S1326,V3326,Discovery,Peter White,2025-10-19,Brake Pads,490,India,2
S1327,V3327,Range Rover,John Smith,2025-10-23,Battery,352,Australia,2
S1328,V3328,Defender,John Smith,2025-10-28,Transmission,1151,UK,1
S1329,V3329,Range Rover Evoque,David Brown,2025-10-29,Oil Change,914,India,4
S1330,V3330,Range Rover Evoque,Peter White,2025-10-15,Brake Pads,820,China,2
S1331,V3331,Jaguar F-Pace,Sara Khan,2025-10-23,Oil Change,739,UK,4
S1332,V3332,Jaguar F-Pace,John Smith,2025-10-27,Battery,256,USA,4
S1333,V3333,Discovery,Rahul Mehta,2025-11-08,Suspension,1439,USA,1
S1334,V3334,Range Rover,Sara Khan,2025-10-12,Transmission,463,China,2
S1335,V3335,Jaguar XF,John Smith,2025-10-13,Suspension,1144,Australia,1
S1336,V3336,Range Rover Evoque,Peter White,2025-10-25,Engine,1194,Germany,5
S1337,V3337,Jaguar F-Pace,Peter White,2025-10-21,Engine,318,USA,4
S1338,V3338,Discovery,Peter White,2025-10-25,Brake Pads,631,UK,5
S1339,V3339,Range Rover,Peter White,2025-10-26,Oil Change,838,India,1
S1340,V3340,Discovery,David Brown,2025-10-14,Transmission,1273,India,1
S1341,V3341,Jaguar F-Pace,Peter White,2025-11-09,Brake Pads,162,UK,2
S1342,V3342,Defender,John Smith,2025-10-24,Brake Pads,617,Australia,5
S1343,V3343,Range Rover Evoque,Sara Khan,2025-10-16,Battery,982,India,2
S1344,V3344,Range Rover Evoque,John Smith,2025-10-21,Engine,1367,India,1
S1345,V3345,Jaguar XF,John Smith,2025-10-21,Oil Change,614,India,3
S1346,V3346,Discovery,Sara Khan,2025-11-04,Suspension,149,UK,3
S1347,V3347,Discovery,David Brown,2025-10-14,Oil Change,1233,China,3
S1348,V3348,Discovery,Sara Khan,2025-10-20,Battery,1346,USA,1
S1349,V3349,Jaguar XF,Alice Wong,2025-10-21,Battery,1190,UK,1
S1350,V3350,Jaguar XF,Peter White,2025-10-26,Brake Pads,312,UK,2
S1351,V3351,Jaguar F-Pace,Sara Khan,2025-10-16,Brake Pads,1277,Australia,5
S1352,V3352,Jaguar F-Pace,Peter White,2025-10-13,Oil Change,1274,UK,4
S1353,V3353,Jaguar XF,Peter White,2025-11-03,Oil Change,435,Germany,5
S1354,V3354,Jaguar XF,Sara Khan,2025-10-30,Battery,516,Germany,4
S1355,V3355,Jaguar XF,Peter White,2025-10-29,Suspension,783,India,3
S1356,V3356,Defender,John Smith,2025-11-08,Suspension,346,India,1
S1357,V3357,Defender,Alice Wong,2025-11-03,Battery,496,Australia,3
S1358,V3358,Jaguar XF,Sara Khan,2025-10-26,Suspension,791,Australia,4
S1359,V3359,Range Rover,David Brown,2025-10-19,Battery,370,Australia,1
S1360,V3360,Defender,Rahul Mehta,2025-11-07,Engine,243,India,2
S1361,V3361,Range Rover,John Smith,2025-10-12,Brake Pads,774,UK,4
S1362,V3362,Discovery,Peter White,2025-11-03,Brake Pads,936,India,4
S1363,V3363,Jaguar F-Pace,Alice Wong,2025-11-04,Brake Pads,345,China,2
S1364,V3364,Range Rover Evoque,Alice Wong,2025-10-12,Engine,1303,Australia,1
S1365,V3365,Range Rover,Alice Wong,2025-10-28,Suspension,553,Australia,4
S1366,V3366,Jaguar F-Pace,David Brown,2025-10-14,Brake Pads,826,UK,4
S1367,V3367,Discovery,David Brown,2025-10-27,Oil Change,625,India,4
S1368,V3368,Jaguar XF,Peter White,2025-10-12,Brake Pads,723,USA,2
S1369,V3369,Range Rover Evoque,Peter White,2025-10-31,Battery,190,China,3
S1370,V3370,Jaguar XF,Sara Khan,2025-10-19,Battery,625,India,4
S1371,V3371,Range Rover Evoque,David Brown,2025-11-08,Battery,580,UK,5
S1372,V3372,Range Rover,David Brown,2025-10-17,Engine,1247,India,5
S1373,V3373,Defender,Peter White,2025-10-22,Transmission,880,India,4
S1374,V3374,Jaguar F-Pace,John Smith,2025-10-30,Brake Pads,1082,Germany,5
S1375,V3375,Range Rover,Rahul Mehta,2025-11-02,Battery,383,Germany,4
S1376,V3376,Defender,Rahul Mehta,2025-10-14,Transmission,1453,Australia,4
S1377,V3377,Jaguar F-Pace,Rahul Mehta,2025-10-21,Battery,1429,China,3
S1378,V3378,Discovery,Rahul Mehta,2025-10-21,Suspension,1182,Australia,4
S1379,V3379,Range Rover Evoque,Peter White,2025-10-14,Battery,152,USA,4
S1380,V3380,Range Rover,Alice Wong,2025-10-20,Suspension,1084,USA,3
S1381,V3381,Defender,Alice Wong,2025-10-24,Battery,504,China,1
S1382,V3382,Jaguar XF,Peter White,2025-10-17,Engine,775,UK,5
S1383,V3383,Jaguar F-Pace,Sara Khan,2025-10-28,Engine,1066,Australia,3
S1384,V3384,Range Rover Evoque,Alice Wong,2025-10-28,Oil Change,408,China,5
S1385,V3385,Jaguar XF,David Brown,2025-10-30,Battery,280,Germany,1
S1386,V3386,Jaguar XF,Sara Khan,2025-10-24,Oil Change,736,USA,3
S1387,V3387,Jaguar F-Pace,Rahul Mehta,2025-10-13,Battery,1391,USA,4
S1388,V3388,Discovery,Rahul Mehta,2025-10-15,Suspension,1078,China,3
S1389,V3389,Jaguar XF,Rahul Mehta,2025-11-03,Oil Change,818,India,3
S1390,V3390,Range Rover,Alice Wong,2025-10-24,Suspension,245,UK,4
S1391,V3391,Range Rover,Peter White,2025-10-17,Brake Pads,305,UK,4
S1392,V3392,Defender,Peter White,2025-11-01,Suspension,112,India,5
S1393,V3393,Defender,David Brown,2025-10-18,Suspension,1084,China,5
S1394,V3394,Defender,Sara Khan,2025-10-28,Brake Pads,1382,Germany,5
S1395,V3395,Discovery,Peter White,2025-10-23,Oil Change,844,India,2
S1396,V3396,Jaguar XF,David Brown,2025-11-03,Transmission,971,Germany,5
S1397,V3397,Jaguar XF,David Brown,2025-10-26,Engine,330,India,1
S1398,V3398,Discovery,Rahul Mehta,2025-10-18,Transmission,429,Germany,1
S1399,V3399,Range Rover Evoque,Sara Khan,2025-10-14,Brake Pads,929,UK,3
S1400,V3400,Range Rover,David Brown,2025-10-20,Battery,928,USA,2
S1401,V3401,Jaguar XF,David Brown,2025-11-10,Brake Pads,481,India,5
S1402,V3402,Jaguar XF,Rahul Mehta,2025-10-29,Suspension,556,India,2
S1403,V3403,Discovery,Alice Wong,2025-10-31,Suspension,399,India,3
S1404,V3404,Jaguar F-Pace,John Smith,2025-10-31,Engine,853,UK,5
S1405,V3405,Jaguar XF,John Smith,2025-10-23,Transmission,741,UK,4
S1406,V3406,Defender,Peter White,2025-10-28,Suspension,1346,UK,5
S1407,V3407,Range Rover Evoque,Sara Khan,2025-10-26,Engine,1176,USA,5
S1408,V3408,Range Rover Evoque,Peter White,2025-11-02,Transmission,1387,India,2
S1409,V3409,Discovery,David Brown,2025-10-18,Engine,529,Australia,1
S1410,V3410,Discovery,David Brown,2025-10-11,Transmission,1281,India,3
S1411,V3411,Discovery,David Brown,2025-10-24,Battery,336,India,5
S1412,V3412,Range Rover Evoque,Peter White,2025-10-26,Brake Pads,159,China,1
S1413,V3413,Range Rover Evoque,David Brown,2025-11-01,Engine,384,Germany,4
S1414,V3414,Jaguar F-Pace,Rahul Mehta,2025-10-18,Transmission,1305,Australia,3
S1415,V3415,Discovery,Sara Khan,2025-11-01,Brake Pads,1450,India,2
S1416,V3416,Defender,Alice Wong,2025-10-19,Suspension,924,UK,3
S1417,V3417,Jaguar XF,Sara Khan,2025-11-07,Brake Pads,1288,Australia,4
S1418,V3418,Jaguar XF,John Smith,2025-10-16,Suspension,247,China,4
S1419,V3419,Discovery,Peter White,2025-11-10,Oil Change,1457,Germany,4
S1420,V3420,Range Rover,Alice Wong,2025-11-02,Oil Change,174,UK,3
S1421,V3421,Discovery,David Brown,2025-10-18,Oil Change,573,UK,2
S1422,V3422,Jaguar F-Pace,John Smith,2025-10-31,Suspension,1192,Germany,5
S1423,V3423,Jaguar XF,David Brown,2025-11-04,Oil Change,987,India,2
S1424,V3424,Discovery,Peter White,2025-10-17,Brake Pads,1017,UK,4
S1425,V3425,Defender,Sara Khan,2025-10-12,Battery,1388,China,1
S1426,V3426,Jaguar XF,David Brown,2025-10-21,Suspension,370,Australia,4
S1427,V3427,Range Rover Evoque,Alice Wong,2025-11-02,Suspension,631,Germany,1
S1428,V3428,Jaguar F-Pace,John Smith,2025-11-09,Battery,244,China,5
S1429,V3429,Jaguar F-Pace,David Brown,2025-10-11,Battery,808,China,3
S1430,V3430,Range Rover Evoque,John Smith,2025-10-23,Battery,1042,UK,2
S1431,V3431,Discovery,Alice Wong,2025-11-01,Oil Change,1044,Australia,1
S1432,V3432,Discovery,Rahul Mehta,2025-10-28,Suspension,1397,Germany,4
S1433,V3433,Defender,Sara Khan,2025-11-08,Engine,1007,India,1
S1434,V3434,Range Rover Evoque,David Brown,2025-11-08,Brake Pads,731,China,5
S1435,V3435,Defender,John Smith,2025-10-22,Brake Pads,920,UK,2
S1436,V3436,Range Rover Evoque,Rahul Mehta,2025-11-09,Battery,255,UK,5
S1437,V3437,Discovery,John Smith,2025-10-12,Transmission,281,USA,2
S1438,V3438,Discovery,Rahul Mehta,2025-10-12,Battery,291,UK,4
S1439,V3439,Defender,Alice Wong,2025-10-27,Brake Pads,1497,UK,4
S1440,V3440,Range Rover Evoque,Alice Wong,2025-11-10,Brake Pads,495,Germany,2
S1441,V3441,Defender,Sara Khan,2025-10-26,Transmission,683,UK,5
S1442,V3442,Defender,Peter White,2025-10-11,Battery,1417,India,3
S1443,V3443,Defender,David Brown,2025-10-15,Battery,997,Germany,2
S1444,V3444,Range Rover,Sara Khan,2025-10-21,Brake Pads,1490,Germany,1
S1445,V3445,Range Rover Evoque,Alice Wong,2025-10-21,Suspension,870,Australia,2
S1446,V3446,Defender,John Smith,2025-11-08,Suspension,563,India,5
S1447,V3447,Jaguar XF,Rahul Mehta,2025-10-20,Brake Pads,145,China,3
S1448,V3448,Range Rover Evoque,Sara Khan,2025-11-06,Brake Pads,1413,Australia,5
S1449,V3449,Jaguar XF,David Brown,2025-10-23,Battery,1062,China,1
S1450,V3450,Discovery,Sara Khan,2025-10-21,Brake Pads,256,Australia,2
S1451,V3451,Discovery,Peter White,2025-10-13,Brake Pads,354,Germany,4
S1452,V3452,Defender,Rahul Mehta,2025-11-05,Transmission,802,USA,2
S1453,V3453,Range Rover,John Smith,2025-10-25,Transmission,355,China,1
S1454,V3454,Jaguar XF,John Smith,2025-11-06,Suspension,454,Germany,4
S1455,V3455,Jaguar F-Pace,David Brown,2025-10-30,Oil Change,1463,UK,4
S1456,V3456,Defender,John Smith,2025-11-01,Brake Pads,1189,Germany,4
S1457,V3457,Jaguar F-Pace,Alice Wong,2025-11-04,Brake Pads,1355,UK,4
S1458,V3458,Range Rover Evoque,Alice Wong,2025-10-11,Transmission,808,China,2
S1459,V3459,Discovery,Sara Khan,2025-10-11,Battery,1059,USA,5
S1460,V3460,Jaguar F-Pace,David Brown,2025-11-02,Suspension,735,Australia,4
S1461,V3461,Defender,Sara Khan,2025-10-20,Engine,531,Australia,5
S1462,V3462,Defender,Peter White,2025-10-16,Engine,1082,India,4
S1463,V3463,Jaguar F-Pace,Sara Khan,2025-10-25,Suspension,131,Germany,3
S1464,V3464,Range Rover Evoque,Rahul Mehta,2025-11-09,Battery,1299,Germany,2
S1465,V3465,Jaguar XF,Sara Khan,2025-11-09,Battery,1351,UK,4
S1466,V3466,Range Rover Evoque,David Brown,2025-10-19,Transmission,678,Germany,5
S1467,V3467,Discovery,Rahul Mehta,2025-10-19,Oil Change,1450,Australia,2
S1468,V3468,Range Rover Evoque,Rahul Mehta,2025-10-11,Brake Pads,651,USA,2
S1469,V3469,Range Rover Evoque,Sara Khan,2025-10-11,Suspension,1402,USA,2
S1470,V3470,Defender,David Brown,2025-11-10,Engine,1388,Australia,1
S1471,V3471,Discovery,Alice Wong,2025-10-28,Brake Pads,644,India,5
S1472,V3472,Jaguar F-Pace,Alice Wong,2025-10-11,Battery,1247,China,1
S1473,V3473,Jaguar F-Pace,David Brown,2025-11-02,Oil Change,1057,India,4
S1474,V3474,Jaguar XF,David Brown,2025-10-22,Brake Pads,936,Germany,5
S1475,V3475,Jaguar F-Pace,Peter White,2025-11-07,Brake Pads,529,USA,5
S1476,V3476,Jaguar F-Pace,Alice Wong,2025-11-08,Oil Change,1084,China,3
S1477,V3477,Jaguar F-Pace,Alice Wong,2025-10-13,Suspension,208,China,1
S1478,V3478,Range Rover Evoque,Sara Khan,2025-11-04,Engine,414,Australia,1
S1479,V3479,Defender,Peter White,2025-11-01,Battery,463,USA,1
S1480,V3480,Range Rover Evoque,David Brown,2025-10-11,Battery,191,China,3
S1481,V3481,Jaguar XF,David Brown,2025-11-07,Transmission,819,UK,3
S1482,V3482,Discovery,Sara Khan,2025-11-05,Battery,1456,USA,2
S1483,V3483,Range Rover,David Brown,2025-10-30,Battery,467,Australia,2
S1484,V3484,Discovery,John Smith,2025-10-18,Engine,793,Australia,1
S1485,V3485,Defender,Rahul Mehta,2025-10-27,Battery,982,India,4
S1486,V3486,Discovery,Peter White,2025-10-22,Battery,760,China,2
S1487,V3487,Range Rover Evoque,David Brown,2025-10-13,Oil Change,586,USA,3
S1488,V3488,Defender,Sara Khan,2025-10-12,Transmission,337,USA,1
S1489,V3489,Range Rover Evoque,Alice Wong,2025-10-27,Oil Change,1473,USA,1
S1490,V3490,Jaguar XF,Rahul Mehta,2025-10-12,Battery,1219,UK,1
S1491,V3491,Range Rover,Alice Wong,2025-10-29,Brake Pads,1007,India,1
S1492,V3492,Discovery,John Smith,2025-10-31,Suspension,1359,Germany,3
S1493,V3493,Discovery,Peter White,2025-10-14,Battery,1001,UK,2
S1494,V3494,Jaguar F-Pace,Sara Khan,2025-10-16,Brake Pads,522,Germany,2
S1495,V3495,Discovery,Rahul Mehta,2025-10-11,Battery,648,Australia,2
S1496,V3496,Range Rover Evoque,David Brown,2025-10-20,Suspension,1311,China,3
S1497,V3497,Defender,Sara Khan,2025-10-30,Engine,518,Australia,5
S1498,V3498,Defender,Peter White,2025-11-06,Transmission,1287,USA,2
S1499,V3499,Jaguar XF,Sara Khan,2025-10-17,Suspension,603,USA,4
S1500,V3500,Range Rover Evoque,Peter White,2025-11-07,Oil Change,1154,India,4
S1501,V3501,Defender,Rahul Mehta,2025-11-08,Oil Change,934,Germany,5
S1502,V3502,Range Rover Evoque,Sara Khan,2025-11-01,Battery,1468,Australia,5
S1503,V3503,Defender,John Smith,2025-10-15,Oil Change,124,Australia,3
S1504,V3504,Range Rover,John Smith,2025-10-24,Oil Change,602,India,5
S1505,V3505,Range Rover,Alice Wong,2025-10-26,Transmission,567,USA,5
S1506,V3506,Range Rover Evoque,Sara Khan,2025-10-31,Battery,788,India,3
S1507,V3507,Defender,John Smith,2025-10-30,Battery,1067,China,1
S1508,V3508,Jaguar F-Pace,Peter White,2025-11-06,Suspension,890,China,1
S1509,V3509,Range Rover Evoque,Rahul Mehta,2025-10-16,Oil Change,401,Australia,5
S1510,V3510,Jaguar XF,John Smith,2025-10-12,Suspension,744,Germany,5
S1511,V3511,Discovery,John Smith,2025-10-13,Engine,461,India,5
S1512,V3512,Range Rover Evoque,Rahul Mehta,2025-11-05,Transmission,1029,USA,2
S1513,V3513,Range Rover,Sara Khan,2025-11-01,Oil Change,334,Australia,1
S1514,V3514,Jaguar F-Pace,Sara Khan,2025-10-14,Oil Change,338,USA,1
S1515,V3515,Discovery,John Smith,2025-10-11,Battery,484,Australia,3
S1516,V3516,Range Rover Evoque,David Brown,2025-10-14,Battery,407,Australia,1
S1517,V3517,Range Rover Evoque,Rahul Mehta,2025-10-29,Battery,1461,India,5
S1518,V3518,Defender,Rahul Mehta,2025-10-18,Engine,1342,Germany,4
S1519,V3519,Range Rover,Peter White,2025-11-09,Transmission,975,USA,5
S1520,V3520,Jaguar XF,Rahul Mehta,2025-10-20,Transmission,146,Germany,1
S1521,V3521,Discovery,Sara Khan,2025-10-30,Oil Change,442,China,2
S1522,V3522,Jaguar F-Pace,John Smith,2025-10-19,Suspension,896,China,3
S1523,V3523,Range Rover,Peter White,2025-11-08,Engine,941,China,4
S1524,V3524,Range Rover Evoque,John Smith,2025-10-14,Brake Pads,230,USA,3
S1525,V3525,Jaguar XF,David Brown,2025-11-06,Battery,416,UK,5
S1526,V3526,Jaguar XF,Alice Wong,2025-10-26,Transmission,847,UK,2
S1527,V3527,Range Rover Evoque,Alice Wong,2025-10-23,Engine,777,UK,4
S1528,V3528,Defender,Alice Wong,2025-10-28,Battery,370,China,4
S1529,V3529,Jaguar XF,Rahul Mehta,2025-11-10,Engine,1304,Germany,2
S1530,V3530,Jaguar XF,John Smith,2025-10-22,Oil Change,1454,Australia,5
S1531,V3531,Jaguar F-Pace,Rahul Mehta,2025-10-19,Oil Change,373,China,1
S1532,V3532,Jaguar F-Pace,Peter White,2025-11-10,Suspension,1483,Australia,2
S1533,V3533,Discovery,Rahul Mehta,2025-10-11,Battery,1326,Australia,4
S1534,V3534,Jaguar F-Pace,Peter White,2025-10-17,Engine,674,Australia,1
S1535,V3535,Discovery,John Smith,2025-10-28,Suspension,1092,India,5
S1536,V3536,Jaguar XF,Rahul Mehta,2025-11-05,Suspension,304,Australia,1
S1537,V3537,Defender,David Brown,2025-10-21,Oil Change,1280,USA,5
S1538,V3538,Range Rover,Sara Khan,2025-10-12,Suspension,1037,USA,5
S1539,V3539,Range Rover,Sara Khan,2025-11-05,Transmission,1189,Germany,1
S1540,V3540,Discovery,Sara Khan,2025-10-17,Oil Change,226,Australia,2
S1541,V3541,Range Rover Evoque,Peter White,2025-11-08,Brake Pads,1083,Germany,4
S1542,V3542,Range Rover,Rahul Mehta,2025-11-10,Battery,517,China,4
S1543,V3543,Jaguar F-Pace,John Smith,2025-10-12,Oil Change,1013,USA,2
S1544,V3544,Range Rover,Sara Khan,2025-10-14,Transmission,534,USA,3
S1545,V3545,Jaguar F-Pace,Rahul Mehta,2025-10-17,Suspension,599,India,4
S1546,V3546,Range Rover Evoque,Sara Khan,2025-10-24,Transmission,1274,UK,1
S1547,V3547,Range Rover,Rahul Mehta,2025-10-13,Suspension,896,USA,2
S1548,V3548,Range Rover Evoque,John Smith,2025-11-04,Engine,843,USA,3
S1549,V3549,Defender,Sara Khan,2025-11-07,Suspension,190,Australia,1
S1550,V3550,Jaguar F-Pace,Alice Wong,2025-11-06,Engine,278,China,2
S1551,V3551,Jaguar XF,Sara Khan,2025-11-09,Suspension,517,Germany,5
S1552,V3552,Range Rover,John Smith,2025-10-15,Battery,1040,USA,3
S1553,V3553,Jaguar F-Pace,Rahul Mehta,2025-10-15,Engine,1431,Germany,2
S1554,V3554,Defender,Alice Wong,2025-10-11,Suspension,357,UK,5
S1555,V3555,Discovery,Rahul Mehta,2025-11-02,Battery,1042,Germany,2
S1556,V3556,Range Rover,David Brown,2025-10-20,Transmission,494,Australia,1
S1557,V3557,Jaguar F-Pace,Rahul Mehta,2025-10-25,Transmission,537,Australia,5
S1558,V3558,Range Rover Evoque,Peter White,2025-10-18,Oil Change,836,Australia,5
S1559,V3559,Jaguar F-Pace,David Brown,2025-11-05,Suspension,1163,Germany,4
S1560,V3560,Jaguar XF,David Brown,2025-11-01,Suspension,996,Germany,1
S1561,V3561,Jaguar F-Pace,Alice Wong,2025-10-31,Engine,1021,China,2
S1562,V3562,Range Rover Evoque,John Smith,2025-10-24,Brake Pads,1308,USA,3
S1563,V3563,Defender,Alice Wong,2025-11-03,Battery,116,India,1
S1564,V3564,Jaguar XF,Rahul Mehta,2025-10-24,Oil Change,338,UK,4
S1565,V3565,Jaguar F-Pace,Sara Khan,2025-10-24,Engine,274,India,2
S1566,V3566,Range Rover,Sara Khan,2025-11-03,Transmission,1278,Australia,5
S1567,V3567,Jaguar XF,Alice Wong,2025-10-25,Engine,215,UK,3
S1568,V3568,Jaguar F-Pace,Alice Wong,2025-10-13,Battery,1419,USA,2
S1569,V3569,Defender,David Brown,2025-10-28,Battery,1372,Australia,2
S1570,V3570,Range Rover,Rahul Mehta,2025-10-24,Brake Pads,291,UK,3
S1571,V3571,Jaguar F-Pace,Rahul Mehta,2025-10-15,Engine,115,India,5
S1572,V3572,Jaguar F-Pace,David Brown,2025-10-15,Brake Pads,738,India,1
S1573,V3573,Discovery,John Smith,2025-10-23,Transmission,974,Australia,2
S1574,V3574,Discovery,Peter White,2025-11-07,Oil Change,627,India,2
S1575,V3575,Defender,John Smith,2025-11-02,Transmission,711,India,1
S1576,V3576,Discovery,Alice Wong,2025-10-25,Engine,914,USA,2
S1577,V3577,Discovery,John Smith,2025-11-03,Oil Change,838,China,2
S1578,V3578,Jaguar XF,Peter White,2025-11-07,Suspension,1337,India,5
S1579,V3579,Discovery,Peter White,2025-10-28,Oil Change,1477,China,3
S1580,V3580,Defender,David Brown,2025-10-12,Transmission,166,Australia,2
S1581,V3581,Range Rover,David Brown,2025-10-20,Oil Change,214,Germany,1
S1582,V3582,Jaguar XF,John Smith,2025-10-22,Transmission,564,China,2
S1583,V3583,Discovery,Rahul Mehta,2025-10-18,Oil Change,342,Australia,2
S1584,V3584,Range Rover Evoque,David Brown,2025-10-12,Brake Pads,180,USA,3
S1585,V3585,Discovery,John Smith,2025-10-29,Transmission,1230,USA,2
S1586,V3586,Range Rover Evoque,Sara Khan,2025-11-05,Suspension,585,UK,2
S1587,V3587,Discovery,Rahul Mehta,2025-11-04,Transmission,397,UK,3
S1588,V3588,Jaguar F-Pace,Alice Wong,2025-11-05,Suspension,1262,Australia,1
S1589,V3589,Range Rover,Peter White,2025-10-29,Brake Pads,778,China,1
S1590,V3590,Range Rover,David Brown,2025-11-08,Transmission,1467,Australia,3
S1591,V3591,Discovery,David Brown,2025-11-05,Brake Pads,601,UK,3
S1592,V3592,Range Rover,Sara Khan,2025-11-10,Suspension,754,Germany,5
S1593,V3593,Jaguar XF,Sara Khan,2025-10-18,Battery,317,Australia,5
S1594,V3594,Defender,Peter White,2025-10-11,Engine,1129,UK,3
S1595,V3595,Discovery,David Brown,2025-10-16,Brake Pads,154,Australia,1
S1596,V3596,Jaguar XF,Sara Khan,2025-10-14,Engine,319,Germany,3
S1597,V3597,Discovery,John Smith,2025-11-08,Brake Pads,266,USA,1
S1598,V3598,Defender,David Brown,2025-10-27,Brake Pads,530,Germany,2
S1599,V3599,Range Rover,David Brown,2025-11-01,Oil Change,678,India,5
S1600,V3600,Range Rover,John Smith,2025-10-27,Oil Change,608,Germany,5
S1601,V3601,Range Rover Evoque,Peter White,2025-11-02,Oil Change,1262,USA,2
S1602,V3602,Jaguar F-Pace,Rahul Mehta,2025-10-19,Battery,507,Australia,5
S1603,V3603,Range Rover,Alice Wong,2025-10-22,Oil Change,367,Australia,3
S1604,V3604,Range Rover Evoque,Sara Khan,2025-10-13,Brake Pads,496,Australia,4
S1605,V3605,Range Rover Evoque,Rahul Mehta,2025-11-06,Battery,800,Australia,3
S1606,V3606,Discovery,Peter White,2025-11-10,Engine,616,Germany,4
S1607,V3607,Range Rover,John Smith,2025-11-01,Battery,1462,Germany,2
S1608,V3608,Jaguar XF,John Smith,2025-10-22,Battery,563,Germany,1
S1609,V3609,Range Rover Evoque,David Brown,2025-10-12,Engine,1453,China,4
S1610,V3610,Discovery,Alice Wong,2025-10-31,Brake Pads,678,UK,2
S1611,V3611,Range Rover Evoque,Rahul Mehta,2025-11-05,Engine,1185,Australia,2
S1612,V3612,Jaguar F-Pace,Peter White,2025-11-09,Engine,1494,China,1
S1613,V3613,Range Rover,Alice Wong,2025-10-28,Battery,634,China,2
S1614,V3614,Discovery,Sara Khan,2025-10-22,Brake Pads,698,India,1
S1615,V3615,Jaguar XF,David Brown,2025-11-10,Oil Change,922,China,2
S1616,V3616,Jaguar XF,Sara Khan,2025-10-15,Suspension,290,Germany,2
S1617,V3617,Discovery,John Smith,2025-11-01,Oil Change,1208,China,3
S1618,V3618,Jaguar XF,Alice Wong,2025-11-01,Engine,129,UK,5
S1619,V3619,Discovery,John Smith,2025-10-26,Suspension,276,USA,1
S1620,V3620,Discovery,Sara Khan,2025-10-29,Suspension,796,China,4
S1621,V3621,Jaguar F-Pace,Peter White,2025-11-04,Oil Change,1267,USA,2
S1622,V3622,Jaguar F-Pace,David Brown,2025-10-20,Oil Change,555,China,2
S1623,V3623,Discovery,John Smith,2025-10-18,Suspension,1373,Germany,3
S1624,V3624,Range Rover,Rahul Mehta,2025-11-06,Battery,344,Germany,4
S1625,V3625,Range Rover,David Brown,2025-10-27,Engine,908,Germany,2
S1626,V3626,Range Rover Evoque,Sara Khan,2025-11-04,Oil Change,311,UK,2
S1627,V3627,Range Rover Evoque,Alice Wong,2025-11-02,Battery,751,Australia,1
S1628,V3628,Defender,David Brown,2025-10-18,Suspension,838,China,1
S1629,V3629,Discovery,Alice Wong,2025-10-20,Brake Pads,1331,Australia,3
S1630,V3630,Jaguar F-Pace,Peter White,2025-10-18,Battery,752,Germany,2
S1631,V3631,Discovery,Peter White,2025-11-04,Oil Change,348,Australia,4
S1632,V3632,Range Rover,David Brown,2025-10-21,Engine,325,UK,5
S1633,V3633,Jaguar XF,Peter White,2025-10-16,Oil Change,458,USA,5
S1634,V3634,Range Rover,Sara Khan,2025-11-08,Brake Pads,869,UK,5
S1635,V3635,Defender,Rahul Mehta,2025-10-22,Brake Pads,1092,Germany,1
S1636,V3636,Discovery,Peter White,2025-10-15,Transmission,188,UK,2
S1637,V3637,Jaguar XF,Sara Khan,2025-10-22,Transmission,844,India,3
S1638,V3638,Jaguar F-Pace,Rahul Mehta,2025-10-21,Transmission,669,Australia,3
S1639,V3639,Discovery,John Smith,2025-10-22,Oil Change,1200,Australia,1
S1640,V3640,Range Rover Evoque,Alice Wong,2025-11-02,Brake Pads,585,China,3
S1641,V3641,Jaguar XF,Rahul Mehta,2025-10-23,Battery,377,UK,3
S1642,V3642,Jaguar F-Pace,Rahul Mehta,2025-10-20,Oil Change,1340,China,5
S1643,V3643,Discovery,David Brown,2025-10-24,Transmission,1056,Germany,5
S1644,V3644,Jaguar XF,Peter White,2025-11-07,Engine,1224,UK,5
S1645,V3645,Jaguar F-Pace,Peter White,2025-11-03,Suspension,800,Australia,3
S1646,V3646,Range Rover Evoque,Peter White,2025-10-27,Brake Pads,939,Australia,5
S1647,V3647,Jaguar F-Pace,Peter White,2025-11-10,Oil Change,585,USA,5
S1648,V3648,Range Rover Evoque,Peter White,2025-10-17,Brake Pads,241,Australia,2
S1649,V3649,Discovery,John Smith,2025-11-02,Suspension,109,China,2
S1650,V3650,Jaguar XF,Peter White,2025-10-31,Brake Pads,133,Germany,4
S1651,V3651,Range Rover Evoque,Alice Wong,2025-10-20,Battery,901,UK,3
S1652,V3652,Range Rover,John Smith,2025-11-06,Engine,1422,China,5
S1653,V3653,Defender,Peter White,2025-10-22,Suspension,1442,China,1
S1654,V3654,Defender,Peter White,2025-10-27,Suspension,950,Germany,3
S1655,V3655,Defender,John Smith,2025-10-13,Suspension,542,Australia,5
S1656,V3656,Jaguar F-Pace,Peter White,2025-11-03,Transmission,1204,USA,4
S1657,V3657,Range Rover,Sara Khan,2025-10-28,Suspension,812,China,3
S1658,V3658,Range Rover Evoque,Rahul Mehta,2025-11-06,Oil Change,423,Australia,4
S1659,V3659,Defender,David Brown,2025-11-10,Suspension,1106,Germany,3
S1660,V3660,Discovery,Sara Khan,2025-10-22,Transmission,725,China,5
S1661,V3661,Jaguar F-Pace,Peter White,2025-10-28,Oil Change,1083,USA,5
S1662,V3662,Range Rover Evoque,David Brown,2025-11-07,Suspension,819,USA,4
S1663,V3663,Jaguar XF,David Brown,2025-10-23,Transmission,154,UK,1
S1664,V3664,Range Rover Evoque,Alice Wong,2025-10-30,Brake Pads,329,Australia,4
S1665,V3665,Jaguar F-Pace,Peter White,2025-10-12,Brake Pads,1208,India,4
S1666,V3666,Range Rover Evoque,Sara Khan,2025-10-12,Oil Change,221,USA,1
S1667,V3667,Jaguar XF,Rahul Mehta,2025-11-10,Transmission,759,Germany,4
S1668,V3668,Jaguar F-Pace,John Smith,2025-10-27,Oil Change,313,India,4
S1669,V3669,Jaguar XF,John Smith,2025-10-23,Battery,1464,Germany,2
S1670,V3670,Discovery,John Smith,2025-10-24,Engine,1313,China,4
S1671,V3671,Discovery,Alice Wong,2025-10-25,Engine,1272,China,3
S1672,V3672,Range Rover Evoque,Sara Khan,2025-10-16,Suspension,943,UK,2
S1673,V3673,Jaguar F-Pace,Alice Wong,2025-10-31,Brake Pads,1491,USA,5
S1674,V3674,Jaguar F-Pace,Alice Wong,2025-11-01,Engine,1475,UK,1
S1675,V3675,Jaguar F-Pace,Alice Wong,2025-11-09,Transmission,1319,China,3
S1676,V3676,Discovery,Sara Khan,2025-11-04,Battery,1425,Australia,2
S1677,V3677,Defender,David Brown,2025-11-06,Battery,744,UK,3
S1678,V3678,Range Rover Evoque,Alice Wong,2025-11-05,Engine,543,Australia,2
S1679,V3679,Range Rover Evoque,Alice Wong,2025-10-23,Transmission,987,Germany,2
S1680,V3680,Jaguar F-Pace,Rahul Mehta,2025-10-16,Suspension,643,UK,1
S1681,V3681,Range Rover Evoque,John Smith,2025-10-27,Suspension,1231,Australia,3
S1682,V3682,Range Rover Evoque,Rahul Mehta,2025-11-10,Transmission,512,India,2
S1683,V3683,Range Rover Evoque,Rahul Mehta,2025-11-06,Engine,1355,UK,1
S1684,V3684,Range Rover,Alice Wong,2025-11-08,Transmission,1071,USA,2
S1685,V3685,Range Rover,Rahul Mehta,2025-11-05,Brake Pads,1287,Germany,3
S1686,V3686,Range Rover Evoque,Rahul Mehta,2025-10-17,Battery,1379,India,5
S1687,V3687,Range Rover Evoque,John Smith,2025-11-08,Suspension,196,USA,2
S1688,V3688,Range Rover,Rahul Mehta,2025-10-31,Engine,840,India,5
S1689,V3689,Jaguar F-Pace,David Brown,2025-10-15,Oil Change,439,India,1
S1690,V3690,Jaguar F-Pace,Peter White,2025-11-08,Battery,385,UK,2
S1691,V3691,Range Rover,Rahul Mehta,2025-10-22,Oil Change,1473,Germany,4
S1692,V3692,Range Rover,Alice Wong,2025-10-29,Oil Change,413,India,3
S1693,V3693,Range Rover Evoque,Rahul Mehta,2025-10-21,Brake Pads,1289,India,5
S1694,V3694,Discovery,Sara Khan,2025-10-16,Engine,192,UK,2
S1695,V3695,Jaguar XF,John Smith,2025-10-31,Oil Change,683,India,2
S1696,V3696,Discovery,Alice Wong,2025-10-28,Brake Pads,673,India,4
S1697,V3697,Jaguar XF,Sara Khan,2025-10-25,Transmission,1047,USA,5
S1698,V3698,Defender,Peter White,2025-11-10,Brake Pads,590,China,3
S1699,V3699,Range Rover Evoque,Sara Khan,2025-10-14,Suspension,482,Australia,4
S1700,V3700,Jaguar XF,Rahul Mehta,2025-10-16,Engine,561,UK,2
S1701,V3701,Range Rover,John Smith,2025-10-15,Brake Pads,1184,China,4
S1702,V3702,Jaguar XF,Peter White,2025-11-04,Transmission,777,India,5
S1703,V3703,Discovery,John Smith,2025-10-15,Suspension,127,UK,3
S1704,V3704,Defender,John Smith,2025-11-07,Battery,1485,India,1
S1705,V3705,Discovery,John Smith,2025-10-12,Battery,600,Australia,3
S1706,V3706,Range Rover Evoque,Sara Khan,2025-11-08,Suspension,950,UK,4
S1707,V3707,Range Rover Evoque,Alice Wong,2025-10-17,Brake Pads,1078,China,2
S1708,V3708,Discovery,John Smith,2025-11-06,Engine,626,USA,1
S1709,V3709,Discovery,Rahul Mehta,2025-10-30,Engine,560,Australia,4
S1710,V3710,Range Rover Evoque,Alice Wong,2025-10-12,Battery,312,Australia,4
S1711,V3711,Discovery,Rahul Mehta,2025-11-09,Brake Pads,549,India,5
S1712,V3712,Discovery,David Brown,2025-10-11,Battery,929,UK,1
S1713,V3713,Discovery,Peter White,2025-10-16,Battery,1317,USA,2
S1714,V3714,Discovery,Alice Wong,2025-11-07,Suspension,452,India,5
S1715,V3715,Range Rover Evoque,Peter White,2025-11-10,Transmission,285,India,2
S1716,V3716,Range Rover Evoque,Alice Wong,2025-10-25,Transmission,657,Germany,1
S1717,V3717,Range Rover,Peter White,2025-10-29,Suspension,820,Germany,1
S1718,V3718,Defender,Alice Wong,2025-10-29,Engine,793,Australia,4
S1719,V3719,Discovery,Rahul Mehta,2025-10-12,Suspension,185,India,4
S1720,V3720,Range Rover,Peter White,2025-10-21,Suspension,546,USA,4
S1721,V3721,Discovery,David Brown,2025-10-26,Brake Pads,290,USA,4
S1722,V3722,Discovery,Peter White,2025-10-27,Brake Pads,622,USA,1
S1723,V3723,Range Rover Evoque,Peter White,2025-11-03,Oil Change,1156,Germany,2
S1724,V3724,Jaguar XF,Sara Khan,2025-10-14,Battery,504,Australia,1
S1725,V3725,Range Rover,John Smith,2025-11-04,Engine,194,China,5
S1726,V3726,Defender,John Smith,2025-10-16,Battery,696,China,2
S1727,V3727,Discovery,Rahul Mehta,2025-10-16,Battery,1385,USA,5
S1728,V3728,Discovery,Peter White,2025-10-25,Brake Pads,977,USA,1
S1729,V3729,Range Rover,Alice Wong,2025-11-07,Engine,848,Germany,4
S1730,V3730,Jaguar XF,David Brown,2025-10-13,Transmission,1246,Germany,5
S1731,V3731,Range Rover,David Brown,2025-10-21,Engine,957,Australia,5
S1732,V3732,Defender,Peter White,2025-10-27,Oil Change,1409,USA,2
S1733,V3733,Discovery,David Brown,2025-10-19,Transmission,1341,UK,1
S1734,V3734,Range Rover,Rahul Mehta,2025-10-22,Engine,1000,Australia,4
S1735,V3735,Range Rover Evoque,Sara Khan,2025-11-07,Suspension,184,UK,3
S1736,V3736,Range Rover,Alice Wong,2025-10-17,Transmission,967,China,2
S1737,V3737,Jaguar F-Pace,David Brown,2025-10-26,Battery,1372,China,3
S1738,V3738,Defender,John Smith,2025-11-04,Brake Pads,1118,Germany,4
S1739,V3739,Discovery,Peter White,2025-10-17,Brake Pads,307,Australia,2
S1740,V3740,Range Rover Evoque,Sara Khan,2025-10-25,Brake Pads,689,India,1
S1741,V3741,Discovery,Sara Khan,2025-10-13,Battery,582,India,5
S1742,V3742,Range Rover,Peter White,2025-10-22,Oil Change,1365,Australia,5
S1743,V3743,Discovery,Alice Wong,2025-10-19,Engine,1197,China,2
S1744,V3744,Jaguar F-Pace,Alice Wong,2025-10-30,Suspension,539,China,1
S1745,V3745,Jaguar XF,David Brown,2025-10-25,Oil Change,1102,China,2
S1746,V3746,Jaguar F-Pace,Sara Khan,2025-11-07,Brake Pads,1160,Australia,2
S1747,V3747,Jaguar F-Pace,Rahul Mehta,2025-11-04,Brake Pads,285,India,4
S1748,V3748,Range Rover Evoque,Rahul Mehta,2025-10-17,Suspension,210,India,2
S1749,V3749,Jaguar F-Pace,Alice Wong,2025-10-15,Oil Change,1345,UK,2
S1750,V3750,Discovery,David Brown,2025-10-14,Oil Change,1024,Germany,5
S1751,V3751,Discovery,David Brown,2025-10-13,Suspension,729,UK,1
S1752,V3752,Range Rover,Sara Khan,2025-10-19,Oil Change,368,Germany,1
S1753,V3753,Jaguar F-Pace,Alice Wong,2025-10-12,Suspension,408,China,3
S1754,V3754,Jaguar XF,Alice Wong,2025-10-28,Suspension,1349,India,1
S1755,V3755,Range Rover Evoque,Sara Khan,2025-10-28,Oil Change,465,India,5
S1756,V3756,Discovery,Alice Wong,2025-10-16,Suspension,725,USA,3
S1757,V3757,Range Rover,Sara Khan,2025-11-03,Engine,1223,Germany,3
S1758,V3758,Jaguar F-Pace,Alice Wong,2025-10-30,Oil Change,712,Australia,3
S1759,V3759,Jaguar F-Pace,David Brown,2025-11-07,Suspension,1145,Germany,1
S1760,V3760,Defender,Alice Wong,2025-10-27,Battery,859,USA,3
S1761,V3761,Defender,John Smith,2025-10-12,Transmission,1281,USA,4
S1762,V3762,Range Rover Evoque,David Brown,2025-10-20,Battery,140,UK,2
S1763,V3763,Jaguar F-Pace,Sara Khan,2025-11-01,Suspension,713,UK,5
S1764,V3764,Range Rover,Peter White,2025-10-31,Engine,500,China,4
S1765,V3765,Jaguar XF,Peter White,2025-10-26,Suspension,803,UK,2
S1766,V3766,Range Rover Evoque,Rahul Mehta,2025-10-21,Oil Change,274,Germany,3
S1767,V3767,Defender,Rahul Mehta,2025-10-19,Transmission,1048,Germany,2
S1768,V3768,Range Rover Evoque,Peter White,2025-11-04,Brake Pads,923,China,5
S1769,V3769,Defender,David Brown,2025-10-13,Engine,777,Australia,3
S1770,V3770,Range Rover Evoque,Sara Khan,2025-10-24,Oil Change,741,India,4
S1771,V3771,Jaguar F-Pace,John Smith,2025-10-20,Suspension,450,Australia,2
S1772,V3772,Defender,John Smith,2025-10-30,Oil Change,978,India,4
S1773,V3773,Range Rover,Peter White,2025-10-17,Suspension,1148,India,1
S1774,V3774,Jaguar XF,Alice Wong,2025-10-13,Brake Pads,1461,USA,1
S1775,V3775,Discovery,Sara Khan,2025-10-24,Brake Pads,888,UK,5
S1776,V3776,Defender,Peter White,2025-10-29,Engine,1123,USA,5
S1777,V3777,Range Rover,David Brown,2025-10-26,Oil Change,108,India,2
S1778,V3778,Range Rover,Peter White,2025-10-30,Engine,800,UK,2
S1779,V3779,Defender,Sara Khan,2025-11-02,Transmission,1175,USA,1
S1780,V3780,Jaguar XF,John Smith,2025-10-11,Oil Change,1443,India,3
S1781,V3781,Range Rover Evoque,John Smith,2025-11-05,Engine,1053,Australia,4
S1782,V3782,Jaguar F-Pace,Alice Wong,2025-10-19,Engine,733,USA,1
S1783,V3783,Discovery,Rahul Mehta,2025-11-07,Battery,837,UK,4
S1784,V3784,Range Rover,Peter White,2025-11-02,Brake Pads,855,Australia,1
S1785,V3785,Jaguar XF,Peter White,2025-10-20,Engine,1221,China,3
S1786,V3786,Jaguar F-Pace,David Brown,2025-10-16,Suspension,695,Australia,4
S1787,V3787,Jaguar XF,Rahul Mehta,2025-10-31,Suspension,478,UK,1
S1788,V3788,Discovery,John Smith,2025-10-18,Engine,265,Germany,3
S1789,V3789,Range Rover Evoque,Peter White,2025-10-18,Oil Change,1208,China,2
S1790,V3790,Jaguar F-Pace,Sara Khan,2025-10-31,Brake Pads,390,Germany,2
S1791,V3791,Defender,Peter White,2025-11-04,Engine,795,India,3
S1792,V3792,Jaguar XF,John Smith,2025-11-08,Transmission,763,China,1
S1793,V3793,Jaguar XF,John Smith,2025-10-24,Oil Change,128,Australia,4
S1794,V3794,Jaguar XF,Sara Khan,2025-10-13,Transmission,400,India,4
S1795,V3795,Jaguar XF,Rahul Mehta,2025-10-25,Suspension,855,USA,5
S1796,V3796,Jaguar XF,Rahul Mehta,2025-10-24,Suspension,873,UK,1
S1797,V3797,Range Rover Evoque,Peter White,2025-11-05,Transmission,1455,China,1
S1798,V3798,Jaguar XF,Peter White,2025-11-10,Engine,906,UK,5
S1799,V3799,Discovery,Sara Khan,2025-11-06,Oil Change,1092,China,4
S1800,V3800,Jaguar XF,Alice Wong,2025-10-30,Battery,1473,Australia,5
S1801,V3801,Jaguar XF,Rahul Mehta,2025-11-03,Transmission,809,Australia,5
S1802,V3802,Range Rover Evoque,John Smith,2025-10-22,Oil Change,1168,Australia,1
S1803,V3803,Range Rover,David Brown,2025-11-09,Transmission,1275,Australia,2
S1804,V3804,Range Rover Evoque,Sara Khan,2025-11-10,Oil Change,1166,China,5
S1805,V3805,Defender,Rahul Mehta,2025-10-14,Brake Pads,499,USA,4
S1806,V3806,Jaguar XF,Peter White,2025-10-31,Oil Change,1490,India,1
S1807,V3807,Discovery,David Brown,2025-11-02,Oil Change,1406,India,2
S1808,V3808,Defender,Peter White,2025-10-21,Transmission,516,India,3
S1809,V3809,Discovery,Alice Wong,2025-10-28,Suspension,1329,UK,2
S1810,V3810,Range Rover Evoque,David Brown,2025-10-23,Brake Pads,694,USA,5
S1811,V3811,Jaguar F-Pace,Rahul Mehta,2025-10-14,Engine,269,UK,4
S1812,V3812,Range Rover Evoque,David Brown,2025-11-05,Brake Pads,623,India,2
S1813,V3813,Range Rover Evoque,David Brown,2025-10-21,Battery,828,China,2
S1814,V3814,Jaguar XF,Alice Wong,2025-11-03,Suspension,640,UK,2
S1815,V3815,Jaguar F-Pace,Sara Khan,2025-11-10,Oil Change,494,UK,3
S1816,V3816,Range Rover,John Smith,2025-10-28,Engine,100,China,1
S1817,V3817,Jaguar F-Pace,David Brown,2025-10-27,Transmission,1097,China,5
S1818,V3818,Discovery,Peter White,2025-10-21,Battery,827,Germany,1
S1819,V3819,Range Rover Evoque,Alice Wong,2025-10-16,Oil Change,230,USA,1
S1820,V3820,Jaguar F-Pace,Rahul Mehta,2025-10-25,Suspension,673,UK,4
S1821,V3821,Jaguar XF,Peter White,2025-11-10,Engine,1235,China,5
S1822,V3822,Range Rover,Rahul Mehta,2025-10-21,Oil Change,281,India,5
S1823,V3823,Range Rover Evoque,Peter White,2025-11-09,Brake Pads,193,Australia,4
S1824,V3824,Defender,Alice Wong,2025-11-05,Battery,1280,India,1
S1825,V3825,Range Rover Evoque,Peter White,2025-11-06,Suspension,1340,India,3
S1826,V3826,Defender,Rahul Mehta,2025-11-02,Battery,541,UK,3
S1827,V3827,Jaguar XF,Peter White,2025-11-02,Engine,856,Germany,5
S1828,V3828,Range Rover Evoque,Rahul Mehta,2025-10-16,Suspension,1261,Australia,1
S1829,V3829,Jaguar XF,Alice Wong,2025-10-16,Transmission,899,China,2
S1830,V3830,Defender,Peter White,2025-10-14,Oil Change,1066,China,1
S1831,V3831,Range Rover Evoque,Rahul Mehta,2025-10-24,Engine,386,Australia,1
S1832,V3832,Jaguar F-Pace,David Brown,2025-10-19,Transmission,819,India,4
S1833,V3833,Defender,John Smith,2025-11-04,Suspension,1136,Australia,4
S1834,V3834,Range Rover,David Brown,2025-10-22,Engine,655,Australia,5
S1835,V3835,Jaguar XF,John Smith,2025-10-22,Brake Pads,964,USA,3
S1836,V3836,Range Rover,Rahul Mehta,2025-10-11,Brake Pads,132,UK,2
S1837,V3837,Range Rover Evoque,Sara Khan,2025-11-04,Battery,281,Australia,2
S1838,V3838,Defender,Rahul Mehta,2025-11-10,Battery,1229,Germany,4
S1839,V3839,Range Rover Evoque,Sara Khan,2025-11-10,Oil Change,333,Germany,3
S1840,V3840,Jaguar F-Pace,Alice Wong,2025-10-20,Engine,145,China,3
S1841,V3841,Defender,John Smith,2025-10-20,Battery,1022,China,4
S1842,V3842,Discovery,Sara Khan,2025-10-24,Brake Pads,1493,UK,4
S1843,V3843,Jaguar F-Pace,Sara Khan,2025-10-15,Oil Change,1484,USA,2
S1844,V3844,Defender,Peter White,2025-11-06,Transmission,448,India,1
S1845,V3845,Jaguar F-Pace,Sara Khan,2025-10-17,Suspension,800,India,2
S1846,V3846,Jaguar XF,David Brown,2025-10-26,Battery,1250,USA,1
S1847,V3847,Jaguar F-Pace,Sara Khan,2025-10-19,Oil Change,167,Australia,2
S1848,V3848,Discovery,Peter White,2025-10-31,Suspension,645,UK,3
S1849,V3849,Defender,Alice Wong,2025-10-30,Transmission,1171,Germany,5
S1850,V3850,Discovery,David Brown,2025-10-22,Suspension,265,India,2
S1851,V3851,Range Rover Evoque,Peter White,2025-11-10,Brake Pads,1225,Germany,4
S1852,V3852,Jaguar XF,Sara Khan,2025-10-21,Battery,1235,India,2
S1853,V3853,Range Rover Evoque,Alice Wong,2025-10-13,Suspension,1205,China,5
S1854,V3854,Jaguar F-Pace,Rahul Mehta,2025-10-22,Brake Pads,575,UK,3
S1855,V3855,Range Rover Evoque,Rahul Mehta,2025-10-20,Battery,158,India,4
S1856,V3856,Defender,Peter White,2025-11-07,Battery,915,USA,1
S1857,V3857,Range Rover Evoque,Rahul Mehta,2025-11-03,Oil Change,1263,China,2
S1858,V3858,Range Rover,Alice Wong,2025-10-25,Oil Change,752,USA,2
S1859,V3859,Defender,John Smith,2025-10-22,Transmission,939,Australia,5
S1860,V3860,Defender,David Brown,2025-10-28,Transmission,623,UK,5
S1861,V3861,Defender,Sara Khan,2025-10-11,Brake Pads,1009,China,5
S1862,V3862,Jaguar XF,Rahul Mehta,2025-11-10,Battery,866,Germany,3
S1863,V3863,Jaguar XF,David Brown,2025-11-10,Oil Change,788,Germany,3
S1864,V3864,Defender,Sara Khan,2025-10-29,Battery,1223,UK,3
S1865,V3865,Jaguar F-Pace,David Brown,2025-11-07,Battery,1424,USA,4
S1866,V3866,Range Rover Evoque,David Brown,2025-10-26,Suspension,147,Germany,1
S1867,V3867,Jaguar F-Pace,Alice Wong,2025-10-11,Transmission,253,UK,5
S1868,V3868,Jaguar F-Pace,Rahul Mehta,2025-11-05,Brake Pads,1250,Australia,1
S1869,V3869,Range Rover Evoque,Rahul Mehta,2025-11-10,Oil Change,710,Germany,2
S1870,V3870,Range Rover Evoque,Sara Khan,2025-10-26,Oil Change,1232,Australia,5
S1871,V3871,Defender,David Brown,2025-11-09,Brake Pads,870,Germany,5
S1872,V3872,Defender,Rahul Mehta,2025-10-17,Engine,1268,USA,3
S1873,V3873,Jaguar XF,Sara Khan,2025-10-11,Brake Pads,1185,India,4
S1874,V3874,Discovery,Rahul Mehta,2025-11-07,Brake Pads,583,India,5
S1875,V3875,Jaguar XF,Sara Khan,2025-11-07,Engine,840,Australia,3
S1876,V3876,Range Rover Evoque,Rahul Mehta,2025-10-18,Engine,616,China,5
S1877,V3877,Jaguar F-Pace,Sara Khan,2025-11-06,Transmission,835,USA,4
S1878,V3878,Discovery,Rahul Mehta,2025-10-30,Brake Pads,864,Germany,4
S1879,V3879,Range Rover Evoque,Alice Wong,2025-11-10,Oil Change,672,USA,3
S1880,V3880,Range Rover Evoque,John Smith,2025-10-30,Battery,663,Australia,4
S1881,V3881,Range Rover Evoque,Sara Khan,2025-10-26,Suspension,1359,India,1
S1882,V3882,Discovery,David Brown,2025-10-15,Engine,1168,India,3
S1883,V3883,Range Rover,Rahul Mehta,2025-10-13,Brake Pads,736,India,5
S1884,V3884,Discovery,John Smith,2025-11-02,Oil Change,795,Australia,3
S1885,V3885,Jaguar F-Pace,David Brown,2025-11-10,Brake Pads,1344,UK,5
S1886,V3886,Discovery,John Smith,2025-11-10,Engine,849,USA,2
S1887,V3887,Defender,Sara Khan,2025-11-06,Battery,1011,India,4
S1888,V3888,Range Rover,Sara Khan,2025-10-19,Oil Change,482,China,3
S1889,V3889,Discovery,Rahul Mehta,2025-10-26,Oil Change,865,Australia,5
S1890,V3890,Jaguar F-Pace,Peter White,2025-10-17,Oil Change,1312,Germany,4
S1891,V3891,Defender,Alice Wong,2025-11-01,Oil Change,327,UK,3
S1892,V3892,Jaguar XF,David Brown,2025-11-10,Brake Pads,218,India,4
S1893,V3893,Range Rover,John Smith,2025-11-08,Oil Change,287,Australia,1
S1894,V3894,Jaguar F-Pace,Sara Khan,2025-10-25,Brake Pads,1285,Australia,3
S1895,V3895,Range Rover,Alice Wong,2025-11-04,Engine,286,Germany,5
S1896,V3896,Jaguar XF,David Brown,2025-10-14,Battery,108,UK,3
S1897,V3897,Range Rover,Alice Wong,2025-10-30,Transmission,225,Germany,5
S1898,V3898,Jaguar XF,David Brown,2025-10-31,Oil Change,881,India,5
S1899,V3899,Jaguar F-Pace,Rahul Mehta,2025-10-17,Transmission,1467,UK,3
S1900,V3900,Discovery,John Smith,2025-11-10,Brake Pads,284,China,1
S1901,V3901,Discovery,Rahul Mehta,2025-11-08,Brake Pads,1446,Australia,4
S1902,V3902,Discovery,Rahul Mehta,2025-10-27,Battery,1355,India,1
S1903,V3903,Defender,Sara Khan,2025-11-07,Oil Change,585,Germany,4
S1904,V3904,Range Rover Evoque,Sara Khan,2025-10-14,Battery,1385,UK,4
S1905,V3905,Defender,Alice Wong,2025-10-15,Engine,387,Australia,1
S1906,V3906,Discovery,David Brown,2025-11-04,Brake Pads,585,India,1
S1907,V3907,Jaguar F-Pace,David Brown,2025-11-08,Transmission,1332,UK,4
S1908,V3908,Jaguar F-Pace,Rahul Mehta,2025-10-31,Transmission,420,USA,5
S1909,V3909,Jaguar F-Pace,Alice Wong,2025-10-26,Suspension,338,UK,1
S1910,V3910,Range Rover,Alice Wong,2025-10-14,Engine,637,Germany,5
S1911,V3911,Range Rover,Peter White,2025-11-01,Suspension,1242,Germany,5
S1912,V3912,Discovery,Alice Wong,2025-10-19,Battery,741,Germany,3
S1913,V3913,Defender,Rahul Mehta,2025-11-09,Transmission,1228,India,4
S1914,V3914,Range Rover,Sara Khan,2025-10-23,Transmission,314,India,5
S1915,V3915,Defender,Rahul Mehta,2025-11-04,Brake Pads,685,Australia,5
S1916,V3916,Discovery,Peter White,2025-11-08,Oil Change,708,UK,3
S1917,V3917,Discovery,David Brown,2025-10-12,Brake Pads,819,Germany,3
S1918,V3918,Range Rover,Sara Khan,2025-10-26,Transmission,815,Germany,4
S1919,V3919,Jaguar XF,Sara Khan,2025-11-09,Brake Pads,363,China,5
S1920,V3920,Range Rover Evoque,David Brown,2025-11-06,Battery,1191,Australia,2
S1921,V3921,Defender,Rahul Mehta,2025-10-11,Battery,547,Germany,3
S1922,V3922,Defender,Sara Khan,2025-10-28,Transmission,1107,China,1
S1923,V3923,Jaguar XF,Alice Wong,2025-10-30,Suspension,1462,Australia,3
S1924,V3924,Range Rover Evoque,David Brown,2025-10-22,Suspension,650,Germany,2
S1925,V3925,Jaguar XF,David Brown,2025-10-13,Brake Pads,1359,Germany,1
S1926,V3926,Jaguar XF,John Smith,2025-10-28,Brake Pads,502,Australia,4
S1927,V3927,Jaguar F-Pace,Alice Wong,2025-11-09,Suspension,818,India,4
S1928,V3928,Defender,Sara Khan,2025-10-13,Engine,625,UK,4
S1929,V3929,Range Rover,John Smith,2025-10-18,Transmission,958,Australia,1
S1930,V3930,Jaguar F-Pace,David Brown,2025-11-03,Oil Change,186,Australia,2
S1931,V3931,Range Rover,Sara Khan,2025-11-05,Engine,815,USA,4
S1932,V3932,Range Rover,Alice Wong,2025-10-24,Engine,532,China,2
S1933,V3933,Jaguar XF,David Brown,2025-10-24,Brake Pads,1242,China,1
S1934,V3934,Defender,Rahul Mehta,2025-10-12,Engine,581,India,5
S1935,V3935,Jaguar XF,Peter White,2025-10-20,Oil Change,979,Germany,2
S1936,V3936,Jaguar XF,Peter White,2025-11-09,Oil Change,273,USA,3
S1937,V3937,Defender,Alice Wong,2025-11-01,Transmission,1325,China,3
S1938,V3938,Discovery,Peter White,2025-11-08,Oil Change,800,Germany,2
S1939,V3939,Jaguar F-Pace,Peter White,2025-10-26,Battery,1024,Germany,2
S1940,V3940,Range Rover,Sara Khan,2025-10-28,Engine,1119,UK,2
S1941,V3941,Range Rover,Sara Khan,2025-10-15,Transmission,779,India,1
S1942,V3942,Defender,Peter White,2025-10-29,Transmission,640,Australia,2
S1943,V3943,Discovery,John Smith,2025-10-15,Oil Change,1141,Germany,4
S1944,V3944,Jaguar XF,David Brown,2025-10-21,Engine,340,Germany,2
S1945,V3945,Jaguar XF,David Brown,2025-11-01,Suspension,279,China,2
S1946,V3946,Jaguar XF,John Smith,2025-10-13,Oil Change,295,Australia,4
S1947,V3947,Jaguar F-Pace,Sara Khan,2025-10-17,Battery,604,UK,4
S1948,V3948,Jaguar XF,David Brown,2025-10-16,Transmission,157,India,2
S1949,V3949,Discovery,David Brown,2025-10-25,Battery,1129,China,3
S1950,V3950,Range Rover,Rahul Mehta,2025-10-13,Battery,511,UK,2
S1951,V3951,Defender,John Smith,2025-10-28,Oil Change,544,China,4
S1952,V3952,Jaguar XF,Alice Wong,2025-11-05,Brake Pads,230,UK,5
S1953,V3953,Discovery,Peter White,2025-10-31,Oil Change,479,UK,3
S1954,V3954,Discovery,Sara Khan,2025-10-22,Engine,486,USA,1
S1955,V3955,Defender,John Smith,2025-10-23,Engine,582,USA,1
S1956,V3956,Jaguar XF,Peter White,2025-11-09,Suspension,1408,China,3
S1957,V3957,Discovery,Rahul Mehta,2025-10-16,Engine,234,Germany,4
S1958,V3958,Discovery,Peter White,2025-11-04,Battery,380,China,2
S1959,V3959,Range Rover Evoque,John Smith,2025-11-06,Transmission,1113,China,5
S1960,V3960,Defender,John Smith,2025-10-12,Suspension,271,USA,2
S1961,V3961,Range Rover Evoque,John Smith,2025-11-06,Battery,479,UK,3
S1962,V3962,Jaguar XF,Sara Khan,2025-10-21,Battery,442,UK,5
S1963,V3963,Jaguar XF,Peter White,2025-10-25,Suspension,111,China,1
S1964,V3964,Discovery,Peter White,2025-10-18,Brake Pads,769,Germany,2
S1965,V3965,Jaguar XF,David Brown,2025-10-30,Suspension,142,UK,4
S1966,V3966,Discovery,Rahul Mehta,2025-10-28,Engine,1121,UK,1
S1967,V3967,Jaguar F-Pace,John Smith,2025-11-07,Engine,954,China,3
S1968,V3968,Discovery,David Brown,2025-11-10,Oil Change,983,USA,3
S1969,V3969,Range Rover Evoque,Peter White,2025-11-04,Oil Change,1454,Australia,1
S1970,V3970,Jaguar XF,David Brown,2025-10-25,Battery,240,USA,3
S1971,V3971,Defender,Rahul Mehta,2025-10-30,Battery,592,China,1
S1972,V3972,Range Rover Evoque,Alice Wong,2025-11-08,Transmission,172,Australia,4
S1973,V3973,Discovery,Alice Wong,2025-10-26,Suspension,167,Australia,1
S1974,V3974,Jaguar F-Pace,Peter White,2025-10-23,Transmission,687,Australia,1
S1975,V3975,Jaguar XF,Rahul Mehta,2025-10-31,Engine,922,Australia,4
S1976,V3976,Jaguar F-Pace,David Brown,2025-11-02,Suspension,1154,Australia,4
S1977,V3977,Discovery,Alice Wong,2025-10-28,Suspension,495,UK,1
S1978,V3978,Range Rover,Sara Khan,2025-11-02,Transmission,1180,India,2
S1979,V3979,Range Rover Evoque,Alice Wong,2025-11-01,Engine,652,Germany,2
S1980,V3980,Defender,Alice Wong,2025-11-05,Transmission,113,Germany,2
S1981,V3981,Jaguar XF,Alice Wong,2025-10-25,Engine,377,China,4
S1982,V3982,Jaguar XF,John Smith,2025-10-12,Transmission,684,UK,2
S1983,V3983,Jaguar F-Pace,Peter White,2025-11-01,Suspension,626,USA,3
S1984,V3984,Range Rover,Peter White,2025-10-13,Suspension,1142,Australia,4
S1985,V3985,Jaguar XF,Rahul Mehta,2025-10-11,Oil Change,1485,Australia,2
S1986,V3986,Discovery,Rahul Mehta,2025-10-20,Suspension,921,China,2
S1987,V3987,Defender,Peter White,2025-10-14,Battery,277,China,5
S1988,V3988,Range Rover Evoque,Alice Wong,2025-10-14,Suspension,1387,UK,5
S1989,V3989,Range Rover Evoque,Sara Khan,2025-10-18,Battery,560,Germany,2
S1990,V3990,Range Rover Evoque,Rahul Mehta,2025-10-24,Transmission,812,Germany,5
S1991,V3991,Defender,Rahul Mehta,2025-10-26,Brake Pads,373,UK,3
S1992,V3992,Discovery,David Brown,2025-10-27,Suspension,695,USA,2
S1993,V3993,Jaguar XF,Sara Khan,2025-10-17,Oil Change,924,China,1
S1994,V3994,Jaguar F-Pace,Sara Khan,2025-11-10,Battery,995,UK,1
S1995,V3995,Range Rover,John Smith,2025-10-13,Battery,1268,India,1
S1996,V3996,Jaguar XF,Rahul Mehta,2025-10-23,Engine,772,Australia,1
S1997,V3997,Discovery,John Smith,2025-10-24,Brake Pads,779,India,5
S1998,V3998,Jaguar F-Pace,Peter White,2025-10-15,Suspension,828,India,3
S1999,V3999,Discovery,David Brown,2025-10-22,Brake Pads,682,Germany,4
